City_ID,City,Country,Date,Lat,Lng,Max Temp,Humidity,Cloudiness,Wind Speed
0,Ushuaia,AR,2022-07-19 17:52:42,-54.8,-68.3,42.46,61,40,4.61
1,Alofi,NU,2022-07-19 17:55:34,-19.0595,-169.9187,73.29,83,27,11.5
2,Cidreira,BR,2022-07-19 17:55:35,-30.1811,-50.2056,61.7,75,78,7.72
3,Atherton,GB,2022-07-19 17:55:35,53.5237,-2.4935,88.7,41,14,7.81
4,Bredasdorp,ZA,2022-07-19 17:55:35,-34.5322,20.0403,48.34,87,72,3.94
5,Huarmey,PE,2022-07-19 17:55:35,-10.0681,-78.1522,68.45,70,96,11.05
6,Punta Arenas,CL,2022-07-19 17:55:35,-53.15,-70.9167,41.11,81,40,11.5
7,Quesnel,CA,2022-07-19 17:55:35,52.9999,-122.5029,64.9,68,40,0.0
8,Hokitika,NZ,2022-07-19 17:55:35,-42.7167,170.9667,49.35,91,64,4.83
9,Busselton,AU,2022-07-19 17:55:36,-33.65,115.3333,57.4,77,100,9.37
10,Barrow,US,2022-07-19 17:55:36,71.2906,-156.7887,43.52,69,24,11.14
11,Paranhos,BR,2022-07-19 17:55:36,-23.8928,-55.4311,83.41,45,0,4.79
12,Tuktoyaktuk,CA,2022-07-19 17:55:36,69.4541,-133.0374,51.8,93,100,12.66
13,Mahebourg,MU,2022-07-19 17:55:36,-20.4081,57.7,71.26,73,40,21.85
14,Solnechnyy,RU,2022-07-19 17:55:36,50.7214,136.6319,55.11,99,100,4.0
15,Chuy,UY,2022-07-19 17:55:36,-33.6971,-53.4616,54.97,62,1,6.29
16,Rosarito,MX,2022-07-19 17:55:36,32.3333,-117.0333,88.63,61,4,10.33
17,Atuona,PF,2022-07-19 17:55:37,-9.8,-139.0333,77.67,63,71,12.75
18,Melilla,ES,2022-07-19 17:55:37,35.2937,-2.9383,86.2,74,0,5.75
19,Port Elizabeth,ZA,2022-07-19 17:51:48,-33.918,25.5701,59.31,99,75,12.66
20,Iqaluit,CA,2022-07-19 17:55:37,63.7506,-68.5145,38.93,100,100,11.5
21,Mataura,NZ,2022-07-19 17:55:37,-46.1927,168.8643,42.48,90,99,3.65
22,Arona,ES,2022-07-19 17:55:37,28.0996,-16.681,79.99,61,20,23.02
23,New Norfolk,AU,2022-07-19 17:55:37,-42.7826,147.0587,40.5,85,7,2.62
24,Sussex,US,2022-07-19 17:55:37,41.1834,-74.6663,89.24,53,0,3.0
25,Provideniya,RU,2022-07-19 17:55:37,64.3833,-173.3,42.4,77,100,1.03
26,San Patricio,US,2022-07-19 17:55:38,28.017,-97.5169,96.19,39,6,16.15
27,Barentu,ER,2022-07-19 17:55:38,15.1139,37.5928,79.72,57,100,6.69
28,Jamestown,US,2022-07-19 17:55:38,42.097,-79.2353,87.06,50,0,11.5
29,Hermanus,ZA,2022-07-19 17:55:38,-34.4187,19.2345,47.8,74,27,4.43
30,Port Alfred,ZA,2022-07-19 17:55:38,-33.5906,26.891,62.19,90,54,4.0
31,Nadrag,RO,2022-07-19 17:55:38,45.65,22.1833,72.16,40,3,4.59
32,Linjiang,CN,2022-07-19 17:55:39,41.8069,126.9078,63.57,98,36,1.48
33,Innisfail,AU,2022-07-19 17:55:39,-17.5333,146.0333,64.13,85,41,5.7
34,Altay,CN,2022-07-19 17:55:39,47.8667,88.1167,56.98,48,45,4.81
35,Bereda,ES,2022-07-19 17:55:39,43.2686,-7.5406,71.42,68,60,7.85
36,Rikitea,PF,2022-07-19 17:55:39,-23.1203,-134.9692,74.08,73,1,10.11
37,Deputatskiy,RU,2022-07-19 17:55:40,69.3,139.9,32.34,99,100,4.81
38,Fairbanks,US,2022-07-19 17:55:40,64.8378,-147.7164,53.49,92,75,10.36
39,Mackay,AU,2022-07-19 17:55:40,-21.15,149.2,64.51,83,4,11.65
40,Lebu,CL,2022-07-19 17:55:40,-37.6167,-73.65,51.33,58,91,1.61
41,Kyra,RU,2022-07-19 17:55:40,49.5776,111.9753,59.23,87,94,1.61
42,Hithadhoo,MV,2022-07-19 17:55:40,-0.6,73.0833,78.53,80,100,7.85
43,Victoria,HK,2022-07-19 17:55:40,22.2855,114.1577,87.33,80,100,5.99
44,Kaduna,NG,2022-07-19 17:55:41,10.5222,7.4383,73.78,79,79,3.76
45,Cherskiy,RU,2022-07-19 17:55:41,68.75,161.3,36.34,78,96,12.41
46,Ribeira Grande,PT,2022-07-19 17:55:41,38.5167,-28.7,73.8,94,40,5.75
47,Westport,US,2022-07-19 17:55:41,41.1415,-73.3579,91.27,58,4,1.01
48,Albany,US,2022-07-19 17:55:42,42.6001,-73.9662,89.46,48,4,4.0
49,Airai,TL,2022-07-19 17:55:42,-8.9266,125.4092,52.74,81,25,2.66
50,Trairi,BR,2022-07-19 17:53:29,-3.2778,-39.2689,85.35,59,60,14.47
51,Tasiilaq,GL,2022-07-19 17:55:43,65.6145,-37.6368,40.62,76,51,2.55
52,Tiksi,RU,2022-07-19 17:55:43,71.6872,128.8694,33.87,95,100,16.84
53,Pitimbu,BR,2022-07-19 17:55:43,-7.4706,-34.8086,81.19,73,22,15.86
54,Vaini,TO,2022-07-19 17:55:43,-21.2,-175.2,73.56,94,40,12.66
55,Bethel,US,2022-07-19 17:55:43,41.3712,-73.414,90.36,59,1,4.0
56,Saskylakh,RU,2022-07-19 17:55:43,71.9167,114.0833,36.48,77,80,13.69
57,Mangai,CD,2022-07-19 17:55:44,-4.05,19.5333,75.15,68,95,3.04
58,Devils Lake,US,2022-07-19 17:55:44,48.1128,-98.8651,71.94,58,40,25.32
59,Namibe,AO,2022-07-19 17:55:44,-15.1961,12.1522,62.37,89,21,3.94
60,Beringovskiy,RU,2022-07-19 17:55:45,63.05,179.3167,50.63,80,100,5.44
61,Termiz,UZ,2022-07-19 17:54:35,37.2242,67.2783,89.69,17,0,6.91
62,Vega De Alatorre,MX,2022-07-19 17:55:45,20.0333,-96.6333,90.57,56,37,15.88
63,San Pedro,PH,2022-07-19 17:55:45,14.35,121.0167,83.43,81,40,2.3
64,Santa Marinella,IT,2022-07-19 17:55:47,42.0345,11.8536,89.69,49,0,5.91
65,Kot Kapura,IN,2022-07-19 17:55:47,30.5833,74.9,95.11,48,57,0.92
66,Faya,SA,2022-07-19 17:55:47,18.3851,42.4509,64.92,60,100,5.77
67,Saint-Francois,FR,2022-07-19 17:55:47,46.4154,3.9054,98.04,26,0,9.22
68,Acapulco,MX,2022-07-19 17:55:47,16.8634,-99.8901,86.77,70,30,5.93
69,Olafsvik,IS,2022-07-19 17:55:47,64.8945,-23.7142,54.07,72,99,12.28
70,Upernavik,GL,2022-07-19 17:55:48,72.7868,-56.1549,45.54,72,100,6.33
71,Manokwari,ID,2022-07-19 17:55:48,-0.8667,134.0833,77.9,81,100,7.83
72,Egvekinot,RU,2022-07-19 17:55:48,66.3167,-179.1667,38.84,76,99,1.77
73,Shimoda,JP,2022-07-19 17:55:48,34.6667,138.95,78.1,88,97,20.56
74,Atambua,ID,2022-07-19 17:55:48,-9.1061,124.8925,65.1,88,82,6.58
75,East London,ZA,2022-07-19 17:55:48,-33.0153,27.9116,61.74,94,0,12.66
76,Nuuk,GL,2022-07-19 17:52:26,64.1835,-51.7216,51.03,73,71,3.96
77,Milton,US,2022-07-19 17:55:48,34.1322,-84.3007,82.9,45,48,9.04
78,Kavieng,PG,2022-07-19 17:55:48,-2.5744,150.7967,80.71,79,100,8.12
79,Carnarvon,AU,2022-07-19 17:55:49,-24.8667,113.6333,64.71,60,5,10.38
80,Kotido,UG,2022-07-19 17:55:49,2.9806,34.1331,71.89,63,100,3.67
81,Miri,MY,2022-07-19 17:55:49,4.4148,114.0089,78.94,94,40,3.44
82,Livramento,BR,2022-07-19 17:55:49,-3.0254,-60.1803,92.08,55,40,11.5
83,Tura,IN,2022-07-19 17:55:49,25.5198,90.2201,74.66,97,98,5.55
84,Hobart,AU,2022-07-19 17:55:49,-42.8794,147.3294,40.86,89,40,3.44
85,Chumikan,RU,2022-07-19 17:55:50,54.7183,135.315,52.11,99,100,11.12
86,Juneau,US,2022-07-19 17:55:50,58.3019,-134.4197,58.21,96,100,3.58
87,Zlobin,HR,2022-07-19 17:55:50,45.2924,14.6541,81.7,22,0,10.36
88,Itarema,BR,2022-07-19 17:55:51,-2.9248,-39.9167,86.45,60,78,16.91
89,Mar Del Plata,AR,2022-07-19 17:53:03,-38.0023,-57.5575,55.94,58,0,23.02
90,Qaanaaq,GL,2022-07-19 17:55:51,77.484,-69.3632,43.52,68,3,4.12
91,Grindavik,IS,2022-07-19 17:50:55,63.8424,-22.4338,57.67,72,0,11.5
92,Oussouye,SN,2022-07-19 17:55:51,12.485,-16.5469,79.68,80,99,9.51
93,Yellowknife,CA,2022-07-19 17:55:51,62.456,-114.3525,75.72,46,75,8.05
94,Lasa,IT,2022-07-19 17:55:51,46.6166,10.7002,76.14,78,48,4.25
95,Semey,KZ,2022-07-19 17:55:51,50.4111,80.2275,64.71,55,65,5.59
96,Sakaiminato,JP,2022-07-19 17:55:52,35.55,133.2333,73.38,100,75,3.44
97,Lavrentiya,RU,2022-07-19 17:55:52,65.5833,-171.0,38.93,69,97,4.94
98,Monastyryshche,UA,2022-07-19 17:55:52,48.9909,29.8047,62.46,69,100,0.83
99,Arraial Do Cabo,BR,2022-07-19 17:55:53,-22.9661,-42.0278,80.56,69,20,13.8
100,San Quintin,MX,2022-07-19 17:55:53,30.4833,-115.95,75.27,64,29,9.44
101,Buribay,RU,2022-07-19 17:55:53,51.9617,58.1592,68.45,64,96,11.18
102,Stornoway,GB,2022-07-19 17:51:52,58.2093,-6.3865,57.92,91,75,5.75
103,Grenada,ES,2022-07-19 17:54:20,37.1882,-3.6067,97.16,22,0,11.5
104,Berlevag,NO,2022-07-19 17:55:54,70.8578,29.0864,66.0,82,84,11.5
105,Byron Bay,AU,2022-07-19 17:55:54,-28.65,153.6167,52.95,81,88,11.83
106,Havre-Saint-Pierre,CA,2022-07-19 17:55:54,50.2334,-63.5986,61.16,100,100,10.36
107,Ferkessedougou,CI,2022-07-19 17:55:54,9.6,-5.2,76.68,78,90,8.03
108,Santa Cecilia,BR,2022-07-19 17:55:54,-26.9608,-50.4269,64.08,85,57,2.62
109,Flin Flon,CA,2022-07-19 17:55:54,54.7682,-101.865,80.44,47,20,10.36
110,Banda Aceh,ID,2022-07-19 17:55:54,5.5577,95.3222,80.17,78,96,12.44
111,Tulum,MX,2022-07-19 17:55:54,20.2167,-87.4667,90.21,54,27,9.08
112,Khatanga,RU,2022-07-19 17:55:55,71.9667,102.5,42.35,59,97,17.43
113,Eureka,US,2022-07-19 17:55:55,40.8021,-124.1637,59.94,81,65,1.99
114,Cape Town,ZA,2022-07-19 17:54:28,-33.9258,18.4232,55.9,76,20,9.22
115,Yumen,CN,2022-07-19 17:55:55,40.2833,97.2,73.29,29,22,7.43
116,Hofn,IS,2022-07-19 17:55:55,64.2539,-15.2082,51.87,82,100,12.86
117,Bambous Virieux,MU,2022-07-19 17:55:55,-20.3428,57.7575,71.22,73,40,21.85
118,Hamina,FI,2022-07-19 17:55:55,60.5697,27.1979,58.28,66,44,16.2
119,Klaksvik,FO,2022-07-19 17:55:55,62.2266,-6.589,52.72,87,100,13.06
120,Saint-Philippe,RE,2022-07-19 17:55:56,-21.3585,55.7679,67.59,81,39,21.36
121,Cochrane,CA,2022-07-19 17:55:56,51.1834,-114.4687,75.76,31,0,21.85
122,Prince Rupert,CA,2022-07-19 17:55:56,54.3161,-130.3201,55.09,97,100,3.44
123,Nikolskoye,RU,2022-07-19 17:55:56,59.7035,30.7861,64.8,75,35,5.53
124,Sobolevo,RU,2022-07-19 17:55:56,54.4299,31.8996,58.42,86,57,6.46
125,Bandarbeyla,SO,2022-07-19 17:55:56,9.4942,50.8122,75.51,82,86,34.07
126,Aklavik,CA,2022-07-19 17:55:56,68.2191,-135.0107,55.4,88,75,10.36
127,Finnsnes,NO,2022-07-19 17:55:57,69.2296,17.9811,57.81,71,83,3.49
128,Kapaa,US,2022-07-19 17:55:57,22.0752,-159.319,77.47,82,61,3.0
129,Puerto Escondido,MX,2022-07-19 17:55:57,15.85,-97.0667,88.97,60,65,7.07
130,Rio Gallegos,AR,2022-07-19 17:55:57,-51.6226,-69.2181,42.85,65,0,26.46
131,Jablah,SY,2022-07-19 17:55:57,35.3614,35.9256,84.49,65,0,6.91
132,Port Lincoln,AU,2022-07-19 17:55:58,-34.7333,135.8667,50.9,66,94,13.13
133,Miles City,US,2022-07-19 17:55:58,46.4083,-105.8406,81.14,33,1,24.72
134,Kahului,US,2022-07-19 17:52:44,20.8947,-156.47,75.22,73,40,12.66
135,Peto,MX,2022-07-19 17:55:58,20.1333,-88.9167,97.99,29,87,5.59
136,Bacolod,PH,2022-07-19 17:54:51,10.6667,122.95,77.59,87,100,2.1
137,Avarua,CK,2022-07-19 17:55:58,-21.2078,-159.775,71.65,68,40,4.61
138,Ilulissat,GL,2022-07-19 17:55:59,69.2167,-51.1,39.67,93,100,3.51
139,Dingle,PH,2022-07-19 17:55:59,10.9995,122.6711,76.93,91,99,2.51
140,Mumford,GH,2022-07-19 17:55:59,5.2618,-0.759,74.61,77,98,9.71
141,Zabol,AF,2022-07-19 17:55:59,32.25,67.25,84.81,31,0,13.2
142,Havoysund,NO,2022-07-19 17:56:00,70.9963,24.6622,55.63,92,53,7.49
143,Songjianghe,CN,2022-07-19 17:56:00,42.1859,127.479,58.96,98,9,4.12
144,Krasnoselkup,RU,2022-07-19 17:56:00,65.7,82.4667,59.67,61,100,8.28
145,Masallatah,LY,2022-07-19 17:55:23,32.6167,14.0,79.14,64,0,11.5
146,Baker City,US,2022-07-19 17:56:02,44.7749,-117.8344,80.11,21,0,2.8
147,Sinnamary,GF,2022-07-19 17:56:02,5.3833,-52.95,79.93,82,89,6.73
148,Faanui,PF,2022-07-19 17:56:02,-16.4833,-151.75,76.82,73,23,8.59
149,Skegness,GB,2022-07-19 17:55:29,53.1436,0.3363,97.02,35,56,17.0
150,Usinsk,RU,2022-07-19 17:56:02,65.9939,57.5281,65.03,58,0,12.5
151,Stokmarknes,NO,2022-07-19 17:56:02,68.5646,14.9108,58.98,67,75,5.75
152,Beloha,MG,2022-07-19 17:56:02,-25.1667,45.05,67.5,56,0,10.76
153,Pevek,RU,2022-07-19 17:56:03,69.7008,170.3133,32.07,96,82,15.03
154,Tha Muang,TH,2022-07-19 17:56:03,13.9612,99.6412,76.08,75,100,6.51
155,Bluff,NZ,2022-07-19 17:56:03,-46.6,168.3333,42.8,73,77,14.67
156,Coahuayana,MX,2022-07-19 17:56:03,18.7333,-103.6833,91.76,55,97,5.53
157,Sao Filipe,CV,2022-07-19 17:53:40,14.8961,-24.4956,77.99,80,88,6.17
158,Belaya Gora,RU,2022-07-19 17:56:03,68.5333,146.4167,43.5,68,100,11.97
159,Saint-Pierre,RE,2022-07-19 17:56:03,-21.3393,55.4781,67.68,70,40,13.8
160,Svencionys,LT,2022-07-19 17:56:03,55.15,26.1667,60.76,93,78,5.68
161,Sur,OM,2022-07-19 17:56:04,22.5667,59.5289,85.15,82,49,8.1
162,Mookane,BW,2022-07-19 17:56:04,-23.688,26.6595,60.48,55,73,3.51
163,Komsomolskiy,UZ,2022-07-19 17:56:04,40.4272,71.7189,83.12,28,0,9.22
164,Ahipara,NZ,2022-07-19 17:56:04,-35.1667,173.1667,56.28,96,47,3.04
165,Baruun-Urt,MN,2022-07-19 17:56:04,46.6806,113.2792,66.42,43,88,6.53
166,Nemuro,JP,2022-07-19 17:56:04,43.3236,145.575,59.68,90,95,6.82
167,Avera,US,2022-07-19 17:56:04,33.194,-82.5271,89.65,40,22,11.21
168,Tautira,PF,2022-07-19 17:56:05,-17.7333,-149.15,76.39,70,24,5.3
169,Tyrma,RU,2022-07-19 17:56:05,50.0833,132.1667,60.17,99,100,2.89
170,Sorkjosen,NO,2022-07-19 17:56:05,69.8,20.9333,55.4,76,20,5.75
171,Kaitangata,NZ,2022-07-19 17:56:05,-46.2817,169.8464,43.52,81,94,6.29
172,Butaritari,KI,2022-07-19 17:56:05,3.0707,172.7902,81.23,79,39,17.29
173,Randfontein,ZA,2022-07-19 17:56:06,-26.1844,27.702,56.71,52,30,5.88
174,Puerto Ayora,EC,2022-07-19 17:56:06,-0.7393,-90.3518,76.96,90,76,7.0
175,Katherine,AU,2022-07-19 17:56:06,-14.4667,132.2667,61.12,72,69,4.61
176,Gat,IL,2022-07-19 17:56:06,31.61,34.7642,85.41,100,0,8.28
177,Port Hedland,AU,2022-07-19 17:53:24,-20.3167,118.5667,59.05,100,40,4.61
178,Katsuura,JP,2022-07-19 17:56:06,35.1333,140.3,79.18,88,85,16.58
179,Hovd,MN,2022-07-19 17:56:06,48.0056,91.6419,57.6,59,27,2.59
180,Hamilton,US,2022-07-19 17:56:06,39.1834,-84.5333,89.74,63,4,1.99
181,Kotka,FI,2022-07-19 17:56:07,60.4664,26.9458,58.26,61,52,18.03
182,Petropavlovsk-Kamchatskiy,RU,2022-07-19 17:54:36,53.0452,158.6483,50.59,100,100,2.24
183,Dikson,RU,2022-07-19 17:55:10,73.5069,80.5464,45.5,80,88,14.29
184,Giddalur,IN,2022-07-19 17:56:07,15.35,78.9167,81.54,71,37,2.04
185,Vestmannaeyjar,IS,2022-07-19 17:56:07,63.4427,-20.2734,54.59,87,75,11.5
186,Pangnirtung,CA,2022-07-19 17:56:07,66.1451,-65.7125,41.0,100,100,4.61
187,San Jeronimo,PE,2022-07-19 17:56:08,-11.9472,-75.2829,63.45,27,95,11.72
188,Ribeira Brava,PT,2022-07-19 17:56:08,32.65,-17.0667,76.71,72,0,8.3
189,Vardo,NO,2022-07-19 17:56:08,70.3705,31.1107,55.38,94,40,3.44
190,Ostrovnoy,RU,2022-07-19 17:56:08,68.0531,39.5131,50.99,94,100,13.78
191,Santa Cruz Cabralia,BR,2022-07-19 17:56:08,-16.2781,-39.0247,77.23,69,40,6.91
192,Cockburn Town,TC,2022-07-19 17:56:08,21.4612,-71.1419,85.96,62,40,17.27
193,Newport,GB,2022-07-19 17:56:08,51.5877,-2.9984,92.12,60,62,11.52
194,Hay River,CA,2022-07-19 17:56:08,60.8156,-115.7999,67.98,49,75,10.36
195,Zhanakorgan,KZ,2022-07-19 17:56:08,43.9098,67.2495,88.16,22,0,13.27
196,Kupang,ID,2022-07-19 17:56:09,-10.1667,123.5833,71.04,80,6,10.96
197,Kununurra,AU,2022-07-19 17:56:09,-15.7667,128.7333,62.58,88,62,0.0
198,Forst,DE,2022-07-19 17:56:09,51.7333,14.6333,89.87,27,54,2.91
199,Naze,JP,2022-07-19 17:56:09,28.3667,129.4833,79.72,87,100,14.41
200,Castro,BR,2022-07-19 17:56:10,-24.7911,-50.0119,72.01,64,13,4.61
201,Gamba,GA,2022-07-19 17:56:10,-2.65,10.0,71.15,86,57,6.53
202,Chokurdakh,RU,2022-07-19 17:56:10,70.6333,147.9167,37.31,77,100,8.28
203,Teya,RU,2022-07-19 17:56:11,60.3778,92.6267,50.74,98,56,4.18
204,Souillac,MU,2022-07-19 17:56:11,-20.5167,57.5167,70.18,73,40,21.85
205,Saldanha,ZA,2022-07-19 17:56:12,-33.0117,17.9442,51.85,73,4,16.11
206,Severo-Kurilsk,RU,2022-07-19 17:56:12,50.6789,156.125,51.31,97,91,11.03
207,Manggar,ID,2022-07-19 17:52:55,-2.8833,108.2667,82.08,80,23,12.1
208,Chara,RU,2022-07-19 17:56:13,56.9064,118.2631,56.75,86,99,0.98
209,Broome,US,2022-07-19 17:56:14,42.2506,-75.833,90.7,54,0,8.99
210,Assiniboia,CA,2022-07-19 17:56:15,49.6334,-105.9845,64.22,88,100,10.36
211,Port Hardy,CA,2022-07-19 17:56:15,50.6996,-127.4199,59.18,82,75,8.05
212,Port Blair,IN,2022-07-19 17:56:15,11.6667,92.75,78.84,94,100,3.44
213,Shwebo,MM,2022-07-19 17:56:15,22.5667,95.7,84.81,70,100,10.22
214,Dunedin,NZ,2022-07-19 17:56:15,-45.8742,170.5036,44.33,85,100,4.88
215,Bathsheba,BB,2022-07-19 17:56:16,13.2167,-59.5167,85.05,83,75,19.57
216,Kruisfontein,ZA,2022-07-19 17:56:16,-34.0033,24.7314,56.88,91,88,12.3
217,Miyako,JP,2022-07-19 17:56:16,39.6367,141.9525,70.61,98,99,3.38
218,Marathon,US,2022-07-19 17:56:16,44.9,-89.7668,86.2,69,40,18.41
219,Jiblah,YE,2022-07-19 17:56:16,13.9216,44.1467,68.77,50,100,5.68
220,Linares,CL,2022-07-19 17:55:25,-35.85,-71.6,55.31,65,18,6.49
221,Petauke,ZM,2022-07-19 17:56:17,-14.2426,31.3253,66.54,52,64,7.85
222,Pinsk,BY,2022-07-19 17:56:17,52.1229,26.0951,64.15,78,25,4.9
223,Lorengau,PG,2022-07-19 17:56:17,-2.0226,147.2712,80.69,78,100,5.39
224,Camacupa,AO,2022-07-19 17:56:17,-12.0167,17.4833,64.42,33,2,2.24
225,Longyearbyen,SJ,2022-07-19 17:56:17,78.2186,15.6401,51.64,82,40,3.44
226,Grand Gaube,MU,2022-07-19 17:56:17,-20.0064,57.6608,71.38,65,16,10.0
227,Maracas,BR,2022-07-19 17:55:36,-13.4411,-40.4308,72.45,50,68,10.2
228,Nizhniy Bestyakh,RU,2022-07-19 17:56:18,61.9594,129.9086,62.08,88,88,4.47
229,Saint George,US,2022-07-19 17:56:18,37.1041,-113.5841,101.62,23,2,3.0
230,Cabatuan,PH,2022-07-19 17:56:18,10.8794,122.486,76.28,91,99,3.11
231,Ponta Do Sol,PT,2022-07-19 17:56:18,32.6667,-17.1,76.71,70,0,7.54
232,Nalut,LY,2022-07-19 17:56:19,30.3333,10.85,92.28,14,0,9.28
233,Aksay,RU,2022-07-19 17:55:11,47.26,39.87,73.62,32,0,6.13
234,Shitanjing,CN,2022-07-19 17:56:19,39.2342,106.3439,64.8,58,22,7.07
235,Ust-Kuyga,RU,2022-07-19 17:56:19,70.0167,135.6,40.01,88,100,17.98
236,Bani Walid,LY,2022-07-19 17:56:19,31.7566,13.9942,84.63,37,0,18.61
237,Broken Hill,AU,2022-07-19 17:56:19,-31.95,141.4333,42.33,62,35,8.43
238,Kodiak,US,2022-07-19 17:56:20,57.79,-152.4072,52.41,83,85,2.89
239,Narsaq,GL,2022-07-19 17:56:20,60.9167,-46.05,50.59,80,100,4.32
240,Nikki,BJ,2022-07-19 17:56:20,9.9401,3.2108,76.93,68,97,6.87
241,Cairns,AU,2022-07-19 17:56:20,-16.9167,145.7667,64.06,85,13,11.5
242,Pamanukan,ID,2022-07-19 17:56:20,-6.2842,107.8106,76.32,89,23,5.91
243,Vasvar,HU,2022-07-19 17:56:20,47.0493,16.7995,83.21,34,0,6.82
244,Taoudenni,ML,2022-07-19 17:56:20,22.6783,-3.9836,111.06,6,1,5.32
245,Haines Junction,CA,2022-07-19 17:56:20,60.7522,-137.5108,57.15,58,85,2.3
246,Bage,BR,2022-07-19 17:56:20,-31.3314,-54.1069,64.18,48,0,8.05
247,Georgetown,MY,2022-07-19 17:51:45,5.4112,100.3354,80.53,95,20,1.14
248,Rujewa,TZ,2022-07-19 17:56:21,-8.7,34.3833,65.35,57,22,11.5
249,Mankera,PK,2022-07-19 17:56:21,31.3866,71.4407,101.28,36,5,16.08
250,Virginia Beach,US,2022-07-19 17:53:17,36.8529,-75.978,93.02,64,75,9.22
251,Baillif,GP,2022-07-19 17:56:21,16.0202,-61.7463,88.65,69,7,11.81
252,Tabriz,IR,2022-07-19 17:52:48,38.08,46.2919,87.26,22,20,4.61
253,Kameoka,JP,2022-07-19 17:56:21,35.0,135.5833,77.68,97,67,1.01
254,Tsotilion,GR,2022-07-19 17:56:21,40.2667,21.3167,74.77,47,15,5.97
255,Esperance,AU,2022-07-19 17:56:21,-33.8667,121.9,53.64,89,78,13.27
256,Salinopolis,BR,2022-07-19 17:56:22,-0.6136,-47.3561,81.45,80,33,11.56
257,Buka,UZ,2022-07-19 17:56:22,40.8108,69.1986,78.44,26,0,4.43
258,Svoge,BG,2022-07-19 17:56:22,42.9667,23.35,77.7,42,2,4.18
259,Vao,NC,2022-07-19 17:56:22,-22.6667,167.4833,73.54,88,95,17.09
260,Iraray,PH,2022-07-19 17:56:22,8.9936,118.0511,78.46,83,81,1.79
261,Makat,KZ,2022-07-19 17:56:22,47.6469,53.3463,84.16,27,43,19.55
262,Srednekolymsk,RU,2022-07-19 17:56:22,67.45,153.6833,40.15,65,79,8.95
263,Batagay-Alyta,RU,2022-07-19 17:56:22,67.8006,130.4114,37.99,96,100,5.41
264,Hambantota,LK,2022-07-19 17:56:23,6.1241,81.1185,78.82,86,100,10.33
265,Shamsabad,IN,2022-07-19 17:56:23,27.0167,78.1333,98.71,39,97,4.16
266,San Rafael Del Sur,NI,2022-07-19 17:56:23,11.8485,-86.4384,83.37,66,80,16.33
267,Kibala,TD,2022-07-19 17:56:23,9.1104,18.3463,73.08,93,100,3.83
268,Dzhebariki-Khaya,RU,2022-07-19 17:56:23,62.2167,135.8,65.35,65,90,2.98
269,Pandan,PH,2022-07-19 17:56:23,14.0453,124.1694,81.12,84,60,7.18
270,Northam,GB,2022-07-19 17:56:23,51.0333,-4.2167,71.38,77,63,16.24
271,Leonidovo,RU,2022-07-19 17:56:23,49.2833,142.8667,54.79,99,100,2.42
272,Hualmay,PE,2022-07-19 17:56:23,-11.0964,-77.6139,66.38,72,90,9.19
273,Tezu,IN,2022-07-19 17:56:23,27.9167,96.1667,76.12,99,100,3.2
274,San Policarpo,PH,2022-07-19 17:56:24,12.1791,125.5072,82.81,80,47,9.37
275,Eyl,SO,2022-07-19 17:56:24,7.9803,49.8164,76.66,77,70,30.67
276,Pingliang,CN,2022-07-19 17:51:58,35.5392,106.6861,58.71,88,2,3.29
277,Stephenville Crossing,CA,2022-07-19 17:56:24,48.5,-58.4318,69.22,94,100,11.5
278,Akdepe,TM,2022-07-19 17:56:24,42.0551,59.3788,93.29,21,0,11.01
279,Odweyne,SO,2022-07-19 17:56:24,9.4092,45.064,76.01,46,92,19.93
280,Liverpool,GB,2022-07-19 17:51:33,53.4106,-2.9779,88.9,40,0,8.05
281,Sao Felix Do Xingu,BR,2022-07-19 17:56:25,-6.6447,-51.995,94.71,27,53,3.06
282,Endicott,US,2022-07-19 17:56:25,42.0984,-76.0494,91.36,52,0,11.01
283,Taltal,CL,2022-07-19 17:56:25,-25.4,-70.4833,63.64,64,7,4.7
284,Lastoursville,GA,2022-07-19 17:56:25,-0.8143,12.7287,79.38,63,96,2.15
285,Santiago,CL,2022-07-19 17:53:27,-33.4569,-70.6483,74.55,29,0,3.44
286,Key Largo,US,2022-07-19 17:53:20,25.0865,-80.4473,90.0,60,1,10.25
287,Kalmunai,LK,2022-07-19 17:56:25,7.4167,81.8167,79.09,86,74,4.25
288,Ngunguru,NZ,2022-07-19 17:56:25,-35.6167,174.5,56.66,95,89,6.42
289,Floro,NO,2022-07-19 17:56:25,61.5996,5.0328,75.24,64,0,6.91
290,Mola Di Bari,IT,2022-07-19 17:56:26,41.0609,17.0873,85.93,48,0,5.03
291,Yenagoa,NG,2022-07-19 17:56:26,4.9247,6.2642,76.6,74,97,6.42
292,Khorinsk,RU,2022-07-19 17:56:26,52.1657,109.7726,59.49,88,83,4.16
293,Colares,PT,2022-07-19 17:56:26,38.7992,-9.4469,80.28,55,20,21.85
294,Igarka,RU,2022-07-19 17:56:26,67.4667,86.5833,53.85,57,99,10.27
295,Torbay,CA,2022-07-19 17:56:26,47.6666,-52.7314,71.28,79,100,19.57
296,Iralaya,HN,2022-07-19 17:56:26,15.0,-83.2333,84.2,73,100,15.46
297,Dedougou,BF,2022-07-19 17:56:26,12.4667,-3.4667,76.32,83,89,11.59
298,Codrington,AU,2022-07-19 17:56:26,-38.2667,141.9667,36.0,94,0,7.81
299,Mount Isa,AU,2022-07-19 17:56:27,-20.7333,139.5,56.97,47,0,11.5
300,Palmer,US,2022-07-19 17:56:27,42.1584,-72.3287,88.63,54,4,1.99
301,Hilo,US,2022-07-19 17:52:27,19.7297,-155.09,76.62,87,40,6.91
302,Raudeberg,NO,2022-07-19 17:56:27,61.9875,5.1352,66.96,80,95,4.03
303,Amuntai,ID,2022-07-19 17:56:27,-2.4177,115.2494,74.05,94,67,1.92
304,Fort Nelson,CA,2022-07-19 17:56:27,58.8053,-122.7002,63.99,48,75,12.66
305,Dhing,IN,2022-07-19 17:56:27,26.4667,92.4667,78.82,91,84,2.19
306,San Andres,CO,2022-07-19 17:56:27,12.5847,-81.7006,87.82,70,40,14.97
307,Hushitai,CN,2022-07-19 17:56:28,41.9322,123.5114,71.51,91,64,5.57
308,Maceio,BR,2022-07-19 17:55:25,-9.6658,-35.7353,81.84,65,40,14.97
309,Alyangula,AU,2022-07-19 17:56:28,-13.8483,136.4192,67.23,84,34,7.92
310,Kilis,TR,2022-07-19 17:56:28,36.7161,37.115,88.03,35,0,7.0
311,Lazaro Cardenas,MX,2022-07-19 17:56:28,17.9583,-102.2,87.26,65,78,4.83
312,Tabory,RU,2022-07-19 17:56:28,58.5198,64.5495,64.72,80,97,6.82
313,Nome,US,2022-07-19 17:56:28,64.5011,-165.4064,43.16,82,85,15.43
314,Namatanai,PG,2022-07-19 17:56:28,-3.6667,152.4333,78.24,79,100,4.97
315,Damaturu,NG,2022-07-19 17:53:23,11.747,11.9608,85.01,51,30,8.14
316,Kintampo,GH,2022-07-19 17:56:29,8.0563,-1.7306,75.92,74,82,4.63
317,Chas,IN,2022-07-19 17:56:29,23.6333,86.1667,83.55,68,100,11.77
318,Canutama,BR,2022-07-19 17:56:29,-6.5339,-64.3831,95.54,28,10,4.92
319,Jinchang,CN,2022-07-19 17:56:29,38.4953,102.1739,71.31,34,86,13.11
320,Teluk Nibung,ID,2022-07-19 17:56:29,3.001,99.8164,77.09,90,98,4.21
321,Ewo,CG,2022-07-19 17:56:29,-0.8725,14.8206,80.87,57,97,2.8
322,Banjar,ID,2022-07-19 17:56:29,-8.19,114.9675,72.61,86,28,4.79
323,Mahibadhoo,MV,2022-07-19 17:56:29,3.7833,72.9667,82.83,77,100,18.16
324,Mosquera,CO,2022-07-19 17:56:30,4.7059,-74.2302,64.49,55,40,13.8
325,Slave Lake,CA,2022-07-19 17:55:05,55.2834,-114.769,69.78,43,20,31.07
326,Puerto Del Rosario,ES,2022-07-19 17:56:30,28.5004,-13.8627,76.75,78,20,14.97
327,Pisco,PE,2022-07-19 17:56:30,-13.7,-76.2167,63.01,77,88,9.22
328,Qui Nhon,VN,2022-07-19 17:56:30,13.7667,109.2333,78.94,88,100,9.89
329,Cayenne,GF,2022-07-19 17:56:08,4.9333,-52.3333,86.09,22,75,3.44
330,Serik,TR,2022-07-19 17:56:30,36.9169,31.0989,89.85,46,0,3.11
331,Lososina,RU,2022-07-19 17:56:30,48.9975,140.3106,56.88,99,100,4.45
332,Vanavara,RU,2022-07-19 17:56:31,60.34,102.2797,56.93,72,100,2.75
333,Tessalit,ML,2022-07-19 17:56:31,20.1986,1.0114,93.61,29,67,8.59
334,Bulgan,MN,2022-07-19 17:56:31,48.8125,103.5347,52.07,90,66,5.01
335,Mantua,IT,2022-07-19 17:56:31,45.1667,10.7833,92.44,46,0,1.99
336,Mundo Nuevo,MX,2022-07-19 17:56:31,18.7,-95.5,85.87,69,45,7.4
337,Vastseliina,EE,2022-07-19 17:56:31,57.7303,27.2932,60.17,91,62,5.32
338,Lompoc,US,2022-07-19 17:56:31,34.6391,-120.4579,90.7,62,0,6.91
339,Srisailam,IN,2022-07-19 17:56:31,16.0833,78.8667,76.41,82,61,3.42
340,Pudozh,RU,2022-07-19 17:56:32,61.8099,36.5345,62.31,64,100,10.02
341,Pinawa,CA,2022-07-19 17:56:32,50.1489,-95.8811,79.27,66,92,11.61
342,Uglovskoye,RU,2022-07-19 17:56:32,51.3557,80.1942,59.09,77,36,5.14
343,Half Moon Bay,US,2022-07-19 17:56:32,37.4636,-122.4286,77.61,73,100,8.05
344,Chernigovka,RU,2022-07-19 17:56:32,44.3389,132.5728,63.34,96,32,2.46
345,Tostedt,DE,2022-07-19 17:56:32,53.2833,9.7167,92.82,32,43,6.51
346,Sola,VU,2022-07-19 17:56:32,-13.8833,167.55,79.83,78,35,12.77
347,Walvis Bay,NA,2022-07-19 17:56:32,-22.9575,14.5053,57.09,88,4,13.8
348,Russell,US,2022-07-19 17:56:33,32.3502,-85.1999,92.48,41,48,6.38
349,Okha,RU,2022-07-19 17:56:33,53.5739,142.9478,52.54,98,100,11.14
350,Ancud,CL,2022-07-19 17:55:26,-41.8697,-73.8203,53.22,93,100,32.12
351,Saint Marys,US,2022-07-19 17:56:33,30.7305,-81.5465,87.01,70,0,9.22
352,Lazi,UA,2022-07-19 17:56:33,48.0667,24.2333,65.32,66,76,3.91
353,Benidorm,ES,2022-07-19 17:54:37,38.5382,-0.131,95.25,67,0,3.0
354,Vila Velha,BR,2022-07-19 17:56:34,-20.3297,-40.2925,80.55,75,40,9.22
355,Buchanan,LR,2022-07-19 17:56:34,5.8808,-10.0467,76.89,73,96,8.3
356,Goderich,CA,2022-07-19 17:56:34,43.7501,-81.7165,79.12,65,5,6.91
357,Touros,BR,2022-07-19 17:56:34,-5.1989,-35.4608,81.3,68,65,18.25
358,Seoul,KR,2022-07-19 17:53:40,37.5683,126.9778,76.6,86,75,4.61
359,Mehamn,NO,2022-07-19 17:56:34,71.0357,27.8492,58.95,77,0,6.91
360,Sao Joao Da Barra,BR,2022-07-19 17:56:34,-21.6403,-41.0511,82.49,71,15,12.66
361,Gambela,ET,2022-07-19 17:56:35,8.25,34.5833,71.94,88,99,3.85
362,Anadyr,RU,2022-07-19 17:54:05,64.75,177.4833,54.1,62,40,15.66
363,Thompson,CA,2022-07-19 17:56:35,55.7435,-97.8558,78.96,47,40,11.5
364,Wajima,JP,2022-07-19 17:56:35,37.4,136.9,75.18,90,94,13.73
365,Myski,RU,2022-07-19 17:56:35,53.709,87.8014,53.04,98,100,3.4
366,Gorontalo,ID,2022-07-19 17:56:35,0.5412,123.0595,74.07,95,95,2.3
367,Malanje,AO,2022-07-19 17:56:35,-9.5402,16.341,75.54,30,15,2.28
368,Kyzyl-Suu,KG,2022-07-19 17:56:36,42.3414,78.0056,56.66,74,35,5.08
369,Meulaboh,ID,2022-07-19 17:56:36,4.1363,96.1285,76.35,85,87,3.85
370,Sayyan,YE,2022-07-19 17:56:36,15.1718,44.3244,61.61,67,100,3.85
371,Beidao,CN,2022-07-19 17:56:36,34.5686,105.8933,60.49,89,3,2.53
372,Los Negros,BO,2022-07-19 17:56:36,-17.7333,-63.4333,82.53,44,54,4.18
373,Pokosnoye,RU,2022-07-19 17:56:36,55.5258,101.0536,49.68,95,96,3.53
374,Bikin,RU,2022-07-19 17:56:37,46.8161,134.26,61.9,98,92,1.41
375,Nouadhibou,MR,2022-07-19 17:56:37,20.931,-17.0347,73.38,78,18,18.41
376,Anzio,IT,2022-07-19 17:54:43,41.4853,12.6179,89.98,58,2,6.51
377,Podosinovets,RU,2022-07-19 17:56:37,60.2776,47.0659,55.8,96,100,7.02
378,Aguadilla,PR,2022-07-19 17:56:37,18.4275,-67.1541,88.56,72,0,21.85
379,Dong Hoi,VN,2022-07-19 17:56:37,17.4833,106.6,82.06,81,78,5.01
380,Husavik,IS,2022-07-19 17:56:37,66.0449,-17.3389,51.78,83,100,6.51
381,Cabedelo,BR,2022-07-19 17:56:38,-6.9811,-34.8339,81.27,74,21,17.29
382,Puerto Lopez,CO,2022-07-19 17:56:38,4.0845,-72.956,80.89,76,93,2.51
383,Diffa,NE,2022-07-19 17:56:38,13.3154,12.6113,93.24,36,9,3.98
384,Niono,ML,2022-07-19 17:56:39,14.2526,-5.993,89.38,49,99,7.92
385,Bajil,YE,2022-07-19 17:56:39,15.0584,43.2851,93.13,29,100,8.97
386,Palu,ID,2022-07-19 17:56:39,-0.8917,119.8707,74.5,91,41,3.09
387,Minab,IR,2022-07-19 17:55:20,27.1467,57.0801,91.72,66,37,6.91
388,Geraldton,AU,2022-07-19 17:56:39,-28.7667,114.6,54.01,94,97,10.36
389,Pemba,MZ,2022-07-19 17:56:39,-12.974,40.5178,74.1,78,75,10.36
390,Ipojuca,BR,2022-07-19 17:56:40,-8.3989,-35.0639,80.51,69,14,11.5
391,Laguna,US,2022-07-19 17:56:40,38.421,-121.4238,95.94,30,11,7.02
392,Baoma,CN,2022-07-19 17:56:40,31.4859,106.1128,67.86,89,97,2.17
393,Pacasmayo,PE,2022-07-19 17:56:40,-7.4006,-79.5714,68.43,70,51,11.92
394,Neiafu,TO,2022-07-19 17:56:41,-18.65,-173.9833,77.68,78,20,11.5
395,Coquimbo,CL,2022-07-19 17:53:24,-29.9533,-71.3436,55.13,87,75,8.05
396,Waingapu,ID,2022-07-19 17:56:41,-9.6567,120.2641,70.41,84,6,8.5
397,Nelson Bay,AU,2022-07-19 17:56:41,-32.7167,152.15,57.0,80,100,7.0
398,Clyde River,CA,2022-07-19 17:56:41,70.4692,-68.5914,37.63,100,100,11.5
399,Snasa,NO,2022-07-19 17:56:42,64.2457,12.3778,58.41,67,99,2.91
400,Skeldon,GY,2022-07-19 17:55:42,5.8833,-57.1333,83.89,78,75,4.59
401,Padang,ID,2022-07-19 17:55:29,-0.9492,100.3543,77.23,84,13,3.13
402,Lavumisa,SZ,2022-07-19 17:56:43,-27.31,31.892,66.58,71,0,3.11
403,Fortuna,US,2022-07-19 17:56:43,40.5982,-124.1573,59.67,79,41,6.22
404,Kutum,SD,2022-07-19 17:56:43,14.2,24.6667,84.99,35,21,3.58
405,Kasempa,ZM,2022-07-19 17:56:44,-13.4584,25.8338,65.84,38,28,2.71
406,Lapua,FI,2022-07-19 17:56:44,62.9693,23.0088,63.34,58,57,6.04
407,Dongsheng,CN,2022-07-19 17:56:44,39.8161,109.9776,66.06,54,96,7.54
408,Mokokchung,IN,2022-07-19 17:56:44,26.3333,94.5333,64.96,98,99,2.17
409,Buraydah,SA,2022-07-19 17:53:11,26.326,43.975,104.45,10,1,10.65
410,Vung Tau,VN,2022-07-19 17:56:44,10.346,107.0843,80.87,84,100,9.82
411,Kayerkan,RU,2022-07-19 17:56:44,69.3497,87.7602,55.53,66,50,4.7
412,Aykhal,RU,2022-07-19 17:55:58,66.0,111.5,44.96,93,53,10.8
413,Charters Towers,AU,2022-07-19 17:56:44,-20.1,146.2667,55.26,92,0,7.49
414,Gao,ML,2022-07-19 17:56:45,16.6362,1.637,97.84,30,53,6.22
415,Parana,AR,2022-07-19 17:56:45,-31.732,-60.5238,69.55,43,0,7.02
416,Owensboro,US,2022-07-19 17:56:45,37.7742,-87.1133,90.21,45,0,4.94
417,San Lorenzo,PY,2022-07-19 17:56:45,-25.3333,-57.5333,76.59,65,20,3.44
418,Espera Feliz,BR,2022-07-19 17:56:45,-20.6503,-41.9072,78.12,37,0,3.18
419,Labuhan,ID,2022-07-19 17:56:45,-6.8844,112.2051,76.23,84,62,8.39
420,Palmas Bellas,PA,2022-07-19 17:56:45,9.2319,-80.0867,88.25,83,97,4.65
421,Bowen,AU,2022-07-19 17:56:45,-20.0167,148.2333,61.29,92,6,9.31
422,Muroto,JP,2022-07-19 17:56:45,33.2833,134.15,78.55,92,100,9.24
423,Shelbyville,US,2022-07-19 17:56:46,35.4834,-86.4603,88.02,57,20,9.22
424,Okhotsk,RU,2022-07-19 17:56:46,59.3833,143.3,57.92,92,99,2.57
425,Manturovo,RU,2022-07-19 17:56:46,58.3353,44.7619,56.5,79,87,13.42
426,Constitucion,CL,2022-07-19 17:56:46,-35.3333,-72.4167,56.84,57,31,12.55
427,Aras,ES,2022-07-19 17:56:46,42.5617,-2.356,90.01,22,20,9.22
428,Aksu,CN,2022-07-19 17:56:46,41.1231,80.2644,77.31,31,48,6.26
429,Changqing,CN,2022-07-19 17:56:46,36.5575,116.7272,74.25,77,100,1.57
430,Rawson,AR,2022-07-19 17:56:46,-43.3002,-65.1023,59.72,26,68,28.03
431,Conde,BR,2022-07-19 17:56:47,-7.2597,-34.9075,80.06,69,75,16.11
432,Sai Buri,TH,2022-07-19 17:56:47,6.7013,101.6168,77.88,82,87,5.03
433,Fort Saint James,CA,2022-07-19 17:56:47,54.4333,-124.25,64.71,44,41,10.69
434,Makakilo City,US,2022-07-19 17:56:47,21.3469,-158.0858,77.68,66,75,8.05
435,Manzil Salim,TN,2022-07-19 17:56:47,35.8567,8.4765,94.23,18,8,12.21
436,Taunggyi,MM,2022-07-19 17:56:47,20.7833,97.0333,66.13,92,100,3.4
437,Alihe,CN,2022-07-19 17:56:47,50.5667,123.7167,61.97,96,14,1.99
438,Severo-Yeniseyskiy,RU,2022-07-19 17:56:48,60.3725,93.0408,50.0,98,77,3.56
439,Bursa,TR,2022-07-19 17:56:48,40.1667,29.0833,69.84,71,2,7.36
440,Ambon,ID,2022-07-19 17:56:48,-3.6954,128.1814,76.23,16,40,4.61
441,Udachnyy,RU,2022-07-19 17:56:48,66.4167,112.4,50.45,81,100,15.12
442,Biak,ID,2022-07-19 17:56:48,-0.9131,122.8766,75.09,88,99,4.79
443,Dolores,AR,2022-07-19 17:56:48,-36.3132,-57.6792,57.97,43,0,11.68
444,Aksha,RU,2022-07-19 17:56:49,50.2814,113.2867,59.99,88,81,1.05
445,Richards Bay,ZA,2022-07-19 17:56:49,-28.783,32.0377,73.35,56,0,11.65
446,Djambala,CG,2022-07-19 17:56:49,-2.5447,14.7533,75.04,57,96,4.76
447,Khvorostyanka,RU,2022-07-19 17:56:49,52.6096,48.9597,65.37,64,67,6.6
448,La Ronge,CA,2022-07-19 17:56:49,55.1001,-105.2842,82.62,54,20,10.36
449,Pantai Remis,MY,2022-07-19 17:56:50,4.4557,100.6288,78.82,84,100,4.74
450,Shache,CN,2022-07-19 17:56:50,38.4167,77.2406,82.71,16,6,11.92
451,Sangar,RU,2022-07-19 17:56:50,63.9242,127.4739,64.26,73,31,5.55
452,Hasaki,JP,2022-07-19 17:56:50,35.7333,140.8333,77.4,92,81,6.08
453,Poronaysk,RU,2022-07-19 17:56:51,49.2167,143.1167,54.05,97,100,3.94
454,Viedma,AR,2022-07-19 17:53:37,-40.8135,-62.9967,59.58,21,4,27.94
455,Abha,SA,2022-07-19 17:56:51,18.2164,42.5053,64.65,63,40,6.91
456,Ulaangom,MN,2022-07-19 17:56:51,49.9811,92.0667,56.89,62,71,4.12
457,Gazimurskiy Zavod,RU,2022-07-19 17:56:52,51.5461,118.3266,59.36,82,3,3.09
458,Aksarka,RU,2022-07-19 17:56:52,66.5606,67.7975,57.96,67,1,7.43
459,Atar,MR,2022-07-19 17:56:52,20.5169,-13.0499,110.75,9,18,14.94
460,Mtwara,TZ,2022-07-19 17:56:53,-10.2667,40.1833,71.58,81,32,10.67
461,Rehoboth,NA,2022-07-19 17:56:53,-23.3167,17.0833,57.49,31,2,7.49
462,Jinxiang,CN,2022-07-19 17:56:53,27.4327,120.6062,79.83,92,100,11.9
463,The Valley,AI,2022-07-19 17:56:09,18.217,-63.0578,87.66,70,40,18.41
464,Asau,RO,2022-07-19 17:56:54,46.4333,26.4,76.28,54,96,4.23
465,Lagoa,PT,2022-07-19 17:56:54,39.05,-27.9833,70.0,93,64,14.76
466,Port-Gentil,GA,2022-07-19 17:56:54,-0.7193,8.7815,75.16,78,40,9.22
467,Bossangoa,CF,2022-07-19 17:56:54,6.4926,17.4552,69.03,99,100,3.6
468,Norman Wells,CA,2022-07-19 17:56:54,65.282,-126.8329,59.04,88,100,5.75
469,Kaseda,JP,2022-07-19 17:56:54,31.4167,130.3167,80.92,92,100,14.0
470,Cotonou,BJ,2022-07-19 17:56:55,6.3654,2.4183,76.87,75,94,13.29
471,Honiara,SB,2022-07-19 17:56:55,-9.4333,159.95,74.41,83,46,5.03
472,Kulhudhuffushi,MV,2022-07-19 17:56:55,6.6221,73.07,80.98,81,100,19.15
473,Cuamba,MZ,2022-07-19 17:56:55,-14.8031,36.5372,73.13,43,69,3.06
474,Waipawa,NZ,2022-07-19 17:56:55,-41.4122,175.5153,48.25,94,44,4.18
475,Prado,BR,2022-07-19 17:56:56,-17.3411,-39.2208,76.6,65,9,8.95
476,Darab,IR,2022-07-19 17:56:56,28.7519,54.5444,93.27,8,0,8.34
477,Marzuq,YE,2022-07-19 17:56:56,14.4,46.4667,83.77,41,100,11.3
478,Nuevo Progreso,MX,2022-07-19 17:56:56,23.1667,-97.95,95.54,46,84,5.99
479,Tubuala,PA,2022-07-19 17:56:56,9.5167,-79.0333,82.58,80,99,4.74
480,Port Augusta,AU,2022-07-19 17:56:56,-32.5,137.7667,40.17,71,62,7.61
481,Hami,CN,2022-07-19 17:56:56,42.8,93.45,79.25,28,47,10.83
482,Mikuni,JP,2022-07-19 17:56:57,36.2171,136.1519,76.91,92,55,4.14
483,Semirom,IR,2022-07-19 17:56:14,31.4167,51.5667,71.01,15,0,8.9
484,Teguise,ES,2022-07-19 17:53:42,29.0605,-13.564,75.42,69,20,29.93
485,Pemangkat,ID,2022-07-19 17:56:57,1.1667,108.9667,79.16,85,0,5.77
486,Ghatanji,IN,2022-07-19 17:56:57,20.1333,78.3167,74.41,92,91,6.62
487,Salalah,OM,2022-07-19 17:56:57,17.0151,54.0924,77.49,94,100,4.7
488,Maragogi,BR,2022-07-19 17:56:57,-9.0122,-35.2225,78.48,70,4,11.52
489,Mamallapuram,IN,2022-07-19 17:56:58,12.6264,80.1722,87.85,79,31,11.21
490,Cherrapunji,IN,2022-07-19 17:56:58,25.3,91.7,63.19,98,100,1.36
491,Margate,GB,2022-07-19 17:56:58,51.3813,1.3862,82.9,62,18,10.6
492,Isangel,VU,2022-07-19 17:56:58,-19.55,169.2667,75.16,90,23,9.22
493,Mount Gambier,AU,2022-07-19 17:56:58,-37.8333,140.7667,34.83,93,0,4.88
494,Abu Samrah,SY,2022-07-19 17:56:58,35.3029,37.1841,88.27,23,0,10.27
495,Wamba,NG,2022-07-19 17:56:58,8.9333,8.6,73.31,89,87,3.83
496,Svetlogorsk,BY,2022-07-19 17:56:58,52.6333,29.7333,63.45,77,86,7.23
497,Manzhouli,CN,2022-07-19 17:56:59,49.6,117.4333,64.26,46,0,1.01
498,Talnakh,RU,2022-07-19 17:56:59,69.4865,88.3972,56.21,55,70,5.21
499,Bambanglipuro,ID,2022-07-19 17:56:59,-7.95,110.2833,73.65,88,87,5.61
500,Bay Roberts,CA,2022-07-19 17:56:59,47.5999,-53.2648,72.05,86,100,5.01
501,De Aar,ZA,2022-07-19 17:56:59,-30.6497,24.0123,55.96,45,14,6.82
502,Honningsvag,NO,2022-07-19 17:56:59,70.9821,25.9704,55.15,82,24,9.22
503,Ugoofaaru,MV,2022-07-19 17:56:59,5.6667,73.0,82.36,76,98,18.3
504,Moree,AU,2022-07-19 17:57:00,-29.4667,149.85,44.44,82,20,8.59
505,Havelock,US,2022-07-19 17:57:00,34.8791,-76.9013,93.15,81,13,7.0
506,Zima,RU,2022-07-19 17:57:00,53.9202,102.0442,49.5,96,100,2.06
507,Lewiston,US,2022-07-19 17:57:00,44.1003,-70.2148,89.73,57,24,3.0
508,Talcahuano,CL,2022-07-19 17:57:00,-36.7167,-73.1167,49.68,57,0,9.22
509,Bingol,TR,2022-07-19 17:56:59,38.8847,40.4939,77.31,30,0,4.74
510,Kousseri,CM,2022-07-19 17:57:01,12.0769,15.0306,88.16,46,65,0.4
511,Erzin,TR,2022-07-19 17:57:01,36.9559,36.2,79.99,62,0,2.55
512,Bone,DE,2022-07-19 17:57:01,51.9669,12.1396,91.29,37,76,7.0
513,Gigmoto,PH,2022-07-19 17:57:01,13.7796,124.39,81.79,84,61,7.49
514,Borjomi,GE,2022-07-19 17:57:02,41.8527,43.4128,64.2,99,87,2.53
515,Syracuse,IT,2022-07-19 17:57:02,37.0881,15.2792,83.57,68,10,7.67
516,Nagapattinam,IN,2022-07-19 17:57:02,10.7667,79.8333,84.51,73,81,12.88
517,Sakakah,SA,2022-07-19 17:57:03,29.9697,40.2064,107.17,9,4,5.19
518,Bairiki,KI,2022-07-19 17:57:03,1.3292,172.9752,80.6,83,20,11.5
519,Wright,US,2022-07-19 17:57:03,45.1833,-93.9502,89.51,51,40,18.41
520,Nishihara,JP,2022-07-19 17:57:03,26.1842,127.7558,83.68,89,100,13.8
521,Narva-Joesuu,EE,2022-07-19 17:57:03,59.4589,28.0408,62.98,77,9,10.67
522,Astana,KZ,2022-07-19 17:57:04,51.1801,71.446,67.95,60,0,2.24
523,Dovolnoye,RU,2022-07-19 17:57:04,54.4958,79.6671,55.53,91,28,6.2
524,Grand Haven,US,2022-07-19 17:57:04,43.0631,-86.2284,88.97,66,10,5.99
525,Zachary,US,2022-07-19 17:57:04,30.6485,-91.1565,93.74,59,99,9.19
526,Sambava,MG,2022-07-19 17:57:04,-14.2667,50.1667,69.39,83,40,16.06
527,Khovu-Aksy,RU,2022-07-19 17:57:04,51.1333,93.6,52.14,55,98,3.24
528,Henties Bay,NA,2022-07-19 17:57:04,-22.116,14.2845,56.86,88,3,12.03
529,Awbari,LY,2022-07-19 17:57:04,26.5921,12.7805,90.77,16,4,11.95
530,Tutoia,BR,2022-07-19 17:57:04,-2.7619,-42.2744,83.21,60,45,8.32
531,Diego De Almagro,CL,2022-07-19 17:57:04,-26.3667,-70.05,79.12,8,0,8.5
532,Tuatapere,NZ,2022-07-19 17:57:05,-46.1333,167.6833,42.01,91,97,3.11
533,Kismayo,SO,2022-07-19 17:57:05,-0.3582,42.5454,75.63,75,79,16.64
534,Freeport,US,2022-07-19 17:57:05,40.6576,-73.5832,92.95,48,10,7.0
535,Danbury,US,2022-07-19 17:57:05,41.3948,-73.454,90.52,56,1,1.99
536,Comodoro Rivadavia,AR,2022-07-19 17:55:29,-45.8667,-67.5,57.06,38,0,40.29
537,Whithorn,JM,2022-07-19 17:57:05,18.2604,-78.0378,85.26,53,18,4.25
538,Soria,ES,2022-07-19 17:57:06,41.6667,-2.6667,85.1,28,1,12.84
539,Rocha,UY,2022-07-19 17:57:06,-34.4833,-54.3333,56.37,54,1,7.31
540,Mnogovershinnyy,RU,2022-07-19 17:57:06,53.9353,139.9242,53.02,98,97,3.4
541,Smirnykh,RU,2022-07-19 17:57:06,49.75,142.8333,53.46,99,100,1.7
542,Sterlitamak,RU,2022-07-19 17:56:55,53.6246,55.9502,63.03,80,99,7.61
543,Antsohihy,MG,2022-07-19 17:57:06,-14.8796,47.9875,71.13,56,9,13.51
544,College Park,US,2022-07-19 17:57:06,38.9807,-76.9369,92.25,60,75,8.05
545,Nadadores,MX,2022-07-19 17:57:06,27.05,-101.6,98.24,32,1,5.82
546,Bitung,ID,2022-07-19 17:57:06,1.4451,125.1824,77.85,84,88,8.05
547,Bilibino,RU,2022-07-19 17:53:23,68.0546,166.4372,33.73,85,87,2.13
548,Kotar,IN,2022-07-19 17:57:07,24.7167,80.9833,83.68,75,98,13.47
549,Leningradskiy,RU,2022-07-19 17:57:07,69.3833,178.4167,34.52,95,94,12.19
550,Ende,ID,2022-07-19 17:57:07,-8.8432,121.6623,70.68,83,92,2.42
551,Kavaratti,IN,2022-07-19 17:57:07,10.5669,72.642,80.67,82,100,22.17
552,Boyolangu,ID,2022-07-19 17:57:07,-8.1181,111.8935,72.52,90,66,1.41
553,Moranbah,AU,2022-07-19 17:57:07,-22.0016,148.0466,53.55,95,0,8.97
554,Pakxan,LA,2022-07-19 17:57:07,18.3778,103.6601,77.0,95,100,2.8
555,Lozuvatka,UA,2022-07-19 17:57:08,48.0571,33.2858,69.35,48,87,6.55
556,Najran,SA,2022-07-19 17:57:08,17.4924,44.1277,74.05,44,100,7.85
557,Campbell River,CA,2022-07-19 17:52:23,50.0163,-125.2446,67.59,77,75,2.3
558,Saint Anthony,US,2022-07-19 17:57:08,45.0205,-93.218,91.87,49,40,21.85
559,Xihe,CN,2022-07-19 17:57:08,31.6864,113.4659,73.54,93,100,8.14
560,Shellbrook,CA,2022-07-19 17:57:08,53.2168,-106.4011,79.83,65,39,10.85
561,Sibolga,ID,2022-07-19 17:57:08,1.7427,98.7792,77.34,90,86,2.1
562,Zhigansk,RU,2022-07-19 17:57:08,66.7697,123.3711,38.8,83,83,20.89
563,Rumoi,JP,2022-07-19 17:57:09,43.9344,141.6428,66.36,95,71,3.65
564,Strelka,RU,2022-07-19 17:57:09,58.0728,93.0344,52.56,99,83,4.16
565,Mayumba,GA,2022-07-19 17:57:09,-3.432,10.6554,70.36,88,70,4.12
566,Bella Vista,US,2022-07-19 17:57:09,36.4295,-94.2316,100.33,46,0,1.01
567,Santiago Del Estero,AR,2022-07-19 17:52:47,-27.7951,-64.2615,67.32,36,0,5.1
568,Houma,US,2022-07-19 17:57:09,29.5958,-90.7195,93.99,69,75,8.05
569,Vila Franca Do Campo,PT,2022-07-19 17:57:09,37.7167,-25.4333,72.01,80,80,2.66
